['Pritam',
 'Ankit Tiwari',
 'Pritam',
 'Mithoon',
 'Pritam',
 'Darshan Raval',
 'Kaushik-Guddu',
 'Kanishk Seth',
 'Tanishk Bagchi',
 'OAFF',
 'Vishal-Shekhar',
 'Aditya A',
 'Pritam',
 'Pritam',
 'Pritam',
 'Javed Ali',
 'Vishal Mishra',
 'B Praak',
 'Ananya Bhat',
 'Neeti Mohan',
 'Amaal Mallik',
 'A.R. Rahman',
 'Arijit Singh',
 'Tanishk Bagchi',
 'Mithoon',
 'Badshah',
 'Arijit Singh',
 'A.R. Rahman',
 'Kanika Kapoor',
 'Tanishk Bagchi',
 'Tanishk Bagchi',
 'Rochak Kohli',
 'Tanishk Bagchi',
 'Maninder Buttar',
 'Jasleen Royal',
 'Arijit Singh',
 'B Praak',
 'Jubin Nautiyal',
 'Tanishk Bagchi',
 'Sachet Tandon',
 'A.R. Rahman',
 'Badshah',
 'Jubin Nautiyal',
 'Sachin-Jigar',
 'Payal Dev',
 'Yasser Desai',
 'Stebin Ben',
 'King',
 'Pritam',
 'Rochak Kohli',
 'Mithoon',
 'Pritam',
 'Ankit Tiwari',
 'Pritam',
 'Sachet-Parampara',
 'Pritam',
 'Arijit Singh',
 'Kaushik-Guddu',
 'Pritam',
 'Neeti Mohan',
 'Mithoon',
 'Ananya Bhat',
 'Mithoon',
 'Amaal Mallik',
 'Jubin Nautiyal',
 'B Praak',
 'Mithoon',
 'OAFF',
 'Javed Ali',
 'Sachet-Parampara',
 'A.R. Rahman',
 'Arijit Singh',
 'Sachet Tandon',
 'Ayushmann Khurrana',
 'Priya Saraiya',
 'Rochak Kohli',
 'Pritam',
 'Tanishk Bagchi',
 'Manan Bhardwaj',
 'Gurnazar',
 'Manan Bhardwaj',
 'Jasleen Royal',
 'B Praak',
 'Sachet Tandon',
 'Jubin Nautiyal',
 'Alka Yagnik',
 'Javed-Mohsin',
 'Pritam',
 'Pritam',
 'Pritam',
 'Pritam',
 'Pritam',
 'Rochak Kohli',
 'Ayushmann Khurrana',
 'Payal Dev',
 'Arijit Singh',
 'Arijit Singh',
 'Meet Bros.',
 'Arijit Singh',
 'Abhijeet Srivastava',
 'Arijit Singh',
 'Akhil Sachdeva',
 'Akhil',
 'Atif Aslam',
 'Armaan Malik',
 'Vishal Mishra',
 'Sachet Tandon',
 'Sachet Tandon',
 'Arijit Singh',
 'Atif Aslam',
 'Pritam',
 'Javed-Mohsin',
 'Pritam',
 'Arijit Singh',
 'Arijit Singh',
 'Sachin-Jigar',
 'Ash King',
 'Arijit Singh',
 'Gajendra Verma',
 'Rochak Kohli',
 'Arijit Singh',
 'Arijit Singh',
 'Pritam',
 'Vishal-Shekhar',
 'Shaarib Toshi',
 'Pritam',
 'Arijit Singh',
 'Arko',
 'Rahat Fateh Ali Khan',
 'Akhil Sachdeva',
 'Arijit Singh',
 'Pritam',
 'Pritam',
 'Vishal-Shekhar',
 'Pritam',
 'Harry Styles',
 'Kate Bush',
 'Charlie Puth',
 'Lizzo',
 'Post Malone',
 'Beyoncé',
 'Jack Harlow',
 'Bad Bunny',
 'Doja Cat',
 'Joji',
 'Harry Styles',
 'OneRepublic',
 'Nicky Youre',
 'Camila Cabello',
 'Justin Bieber',
 'Drake',
 'Doja Cat',
 'Lost Frequencies',
 'Bad Bunny',
 'Post Malone',
 'Cardi B',
 'Latto',
 'KAROL G',
 'Charlie Puth',
 'Lil Nas X',
 'Calvin Harris',
 'Shakira',
 'Future',
 'Marshmello',
 'Tate McRae',
 'Stephen Sanchez',
 'The Kid LAROI',
 'Drake',
 'Megan Thee Stallion',
 'Elley Duhé',
 'Benson Boone',
 'Glass Animals',
 'Steve Lacy',
 'Dove Cameron',
 'Ed Sheeran',
 'BTS',
 'Elton John',
 'The Kid LAROI',
 'Kendrick Lamar',
 'Lil Nas X',
 'Måneskin',
 'Lady Gaga',
 'Halsey',
 'Sleepy Hallow',
 'Jax Jones',
 'Shae Gill',
 'Ali Zafar',
 'Kanishk Seth',
 'Sia',
 'WILLOW',
 'AP Dhillon',
 'Harry Styles',
 'Witt Lowry',
 'King',
 'Aditya A',
 'Harrdy Sandhu',
 'The Kid LAROI',
 'Sachet-Parampara',
 'OAFF',
 'Shubh',
 'Anirudh Ravichander',
 'Diljit Dosanjh',
 'Badshah',
 'Mitraz',
 'Jasleen Royal',
 'The PropheC',
 'A.R. Rahman',
 'Armaan Malik',
 'Ritviz',
 'Tanishk Bagchi',
 'Elley Duhé',
 'Sidhu Moose Wala',
 'Hesham Abdul Wahab',
 'Yasser Desai',
 'Pritam',
 'Sachet Tandon',
 'AP Dhillon',
 'Neeti Mohan',
 'Tesher',
 'Ruth B.',
 'KK',
 'Katy Perry',
 'Alka Yagnik',
 'AP Dhillon',
 'Dikshant',
 'Jaymes Young',
 'CKay',
 'Charlie Puth',
 'Pritam',
 'Kavita Seth',
 'LISA',
 'Sachet Tandon',
 'Arijit Singh',
 'Spice',
 'Pink Sweat$',
 'Indravathi Chauhan',
 'Charlie Puth',
 'AP Dhillon',
 'Dua Lipa',
 'Vilen',
 'Vishal Mishra',
 'Chamath Sangeeth',
 'Shubh',
 'Badshah',
 'AP Dhillon',
 'Darbuka Siva',
 'Sean Paul',
 'Emiway Bantai',
 'One Direction',
 'Ankit Tiwari',
 'Pritam',
 'Priya Saraiya',
 'GAYLE',
 'Lil Nas X',
 'Vishal-Shekhar',
 'Alec Benjamin',
 'Charlie Puth',
 'Jasleen Royal',
 'Duncan Laurence',
 'Azaan Sami Khan',
 'Sidhu Moose Wala',
 'Shubh',
 'Karan Aujla',
 'Shubh',
 'Jordan Sandhu',
 'Sidhu Moose Wala',
 'Jordan Sandhu',
 'Shubh',
 'Sidhu Moose Wala',
 'Karan Aujla',
 'Shubh',
 'The Landers',
 'Sidhu Moose Wala',
 'Diljit Dosanjh',
 'Tarsem Jassar',
 'Sidhu Moose Wala',
 'Karan Aujla',
 'Arjan Dhillon',
 'Sidhu Moose Wala',
 'Prem Dhillon',
 'Sikander Kahlon',
 'Sidhu Moose Wala',
 'Diljit Dosanjh',
 'AP Dhillon',
 'Sikander Kahlon',
 'Varinder Brar',
 'Ammy Virk',
 'Tarsem Jassar',
 'Deep Jandu',
 'Wazir Patar',
 'Bohemia',
 'Sidhu Moose Wala',
 'Sidhu Moose Wala',
 'Simiran Kaur Dhadli',
 'Karan Aujla',
 'Khan Bhaini',
 'Bohemia',
 'Karan Aujla',
 'AP Dhillon',
 'Mankirt Aulakh',
 'Kptaan',
 'Wazir Patar',
 'Sukh-E Muzical Doctorz',
 'Simu Dhillon',
 'Singhsta',
 'Arjan Dhillon',
 'Tarsem Jassar',
 'Varinder Brar',
 'Shooter Kahlon',
 'Davvy',
 'Kulshan Sandhu',
 'Varinder Brar',
 'Tarsem Jassar',
 'Sidhu Moose Wala',
 'Sidhu Moose Wala',
 'AP Dhillon',
 'Ekam Sudhar',
 'Arjan Dhillon',
 'Prem Dhillon',
 'AP Dhillon',
 'Sidhu Moose Wala',
 'Karan Aujla',
 'Diljit Dosanjh',
 'Sidhu Moose Wala',
 'Diljit Dosanjh',
 'Karan Aujla',
 'Sidhu Moose Wala',
 'Amantej Hundal',
 'Sidhu Moose Wala',
 'Wazir Patar',
 'Diljit Dosanjh',
 'Wazir Patar',
 'Sidhu Moose Wala',
 'Jassa Dhillon',
 'AP Dhillon',
 'AP Dhillon',
 'Gur Sidhu',
 'Sidhu Moose Wala',
 'Navaan Sandhu',
 'AP Dhillon',
 'Prem Dhillon',
 'Gurinder Gill',
 'Prem Dhillon',
 'Karan Aujla',
 'AP Dhillon',
 'Arjan Dhillon',
 'Karan Aujla',
 'Gurinder Gill',
 'Diljit Dosanjh',
 'Prem Dhillon',
 'Jordan Sandhu',
 'Karan Aujla',
 'Arjan Dhillon',
 'Jass Manak',
 'Nirvair Pannu',
 'Jordan Sandhu',
 'Diljit Dosanjh',
 'Kaam Bhaari',
 "D'Evil",
 'MC STAN',
 'Emiway Bantai',
 'Naezy',
 'Naezy',
 'Minta',
 'Naezy',
 'Emiway Bantai',
 "D'Evil",
 'Emiway Bantai',
 'Bohemia',
 'Emiway Bantai',
 'Thoratt',
 'Naezy',
 'Naezy',
 'Emiway Bantai',
 'Sez on the Beat',
 'Stony Psyko',
 'MC Altaf',
 'Hellac',
 'MC Altaf',
 'Emiway Bantai',
 "7Bantai'Z",
 'Emiway Bantai',
 'Badshah',
 "7Bantai'Z",
 'Emiway Bantai',
 'Yashraj',
 'MEMAX',
 'Kaam Bhaari',
 'Emiway Bantai',
 'Minta',
 'Emiway Bantai',
 'DIVINE',
 "7Bantai'Z",
 'Emiway Bantai',
 'Hellac',
 'Emiway Bantai',
 'MC Altaf',
 'Emiway Bantai',
 'Dub Sharma',
 'Emiway Bantai',
 'Mohak',
 'Emiway Bantai',
 "D'Evil",
 'Emiway Bantai',
 'D-Cypher',
 'Emiway Bantai',
 'Sidhu Moose Wala',
 'Emiway Bantai',
 'Emiway Bantai',
 'Shah Rule',
 'Emiway Bantai',
 "D'Evil",
 'Emiway Bantai',
 'Emiway Bantai',
 'MC Altaf',
 'Emiway Bantai',
 'DIVINE',
 'Emiway Bantai',
 'Kidshot',
 'Emiway Bantai',
 'MC STAN',
 'Kaam Bhaari',
 'Emiway Bantai',
 'Loka',
 'Loka',
 'MC STAN',
 'Aavrutti',
 'DIVINE',
 'Emiway Bantai',
 'Kaam Bhaari',
 'DIVINE',
 'Emiway Bantai',
 'MC STAN',
 'DIVINE',
 'Emiway Bantai',
 'DIVINE',
 'DIVINE',
 'Kaam Bhaari',
 'DIVINE',
 'Ikka',
 'DIVINE',
 'DIVINE',
 'Loka',
 'DIVINE',
 'DIVINE',
 'MC Altaf',
 'DIVINE',
 'Emiway Bantai',
 'Jass Manak',
 'Emiway Bantai',
 'Emiway Bantai',
 'Dino James',
 'Emiway Bantai',
 "7Bantai'Z",
 'Emiway Bantai',
 'DIVINE',
 'Emiway Bantai',
 'Mitraz',
 'Anumita Nadesan',
 'Dikshant',
 'Kavita Seth',
 'Shivoryx',
 'Akanksha Sethi',
 'Himonshu Parikh',
 'Aditya A',
 'Zariya',
 'The Local Train',
 'Ritviz',
 'The Yellow Diary',
 'Prateek Kuhad',
 'Mitraz',
 'Anuv Jain',
 'Himonshu Parikh',
 'Salman Elahi',
 'Twin Strings',
 'Anuv Jain',
 'Deepak Rathore Project',
 'Prateek Kuhad',
 'Lucky Ali',
 'The Local Train',
 'Dream Note',
 'Prateek Kuhad',
 'Last Minute India',
 'NAALAYAK',
 'When Chai Met Toast',
 'Akanksha Bhandari',
 'The Local Train',
 'Ritviz',
 'Abhilasha Sinha',
 'Anuv Jain',
 'Prateek Kuhad',
 'Dream Note',
 'Lost Stories',
 'Anuv Jain',
 'Zaeden',
 "Nikhil D'Souza",
 'When Chai Met Toast',
 'Zaeden',
 'Ritviz',
 'Shashwat Sachdev',
 'Ankur Tewari',
 'When Chai Met Toast',
 'Osho Jain',
 'Shadow and Light',
 'Namita Choudhary',
 'Nucleya',
 'The Yellow Diary',
 'Akanksha Bhandari',
 'Prateek Kuhad',
 'Raghav Kaushik',
 'Samar Mehdi',
 'Taba Chake',
 'Anand Bhaskar Collective',
 'Taba Chake',
 'Faime',
 'AFKAP',
 'Raghav Chaitanya',
 'Aditya Rikhari',
 'Adarsh Rao',
 'Suzonn',
 'Kevin Fernando',
 'Tanmaya Bhatnagar',
 'Nishu',
 'Ashu Shukla',
 'Priyansh Srivastava',
 'Raghav Meattle',
 'Kayan',
 'Anupam Roy',
 'Anuv Jain',
 'Ritviz',
 'When Chai Met Toast',
 'Pratsofficial',
 'Shubumm',
 'Kanishk Seth',
 'Vismay Patel',
 'Prateek Kuhad',
 'Raghav Kaushik',
 'Ishpreet Singh',
 'Last Minute India',
 'The Local Train',
 'Athul Prabhu',
 'Lost Stories',
 'Mitraz',
 'Anumita Nadesan',
 'Dikshant',
 'Sona Mohapatra',
 'Ali Zafar',
 'Mitraz',
 'Himonshu Parikh',
 'Shivoryx',
 'OAFF',
 'Aditya A',
 'Anupam Roy',
 'Vishal-Shekhar',
 'Nilotpal Bora',
 'Namita Choudhary',
 'Armaan Malik',
 'Twin Strings',
 'Pritam',
 'Arijit Singh',
 'Zariya',
 'Akanksha Bhandari',
 'Amit Trivedi',
 'Lost Stories',
 'Prateek Kuhad',
 'The Local Train',
 'Apoorv Srivastava',
 'Pratsofficial',
 'Amit Trivedi',
 'Alyssa Mendonsa',
 'Mohit Chauhan',
 'Kaavish',
 'Dream Note',
 'Zaeden',
 'Samar Mehdi',
 'Zephyrtone',
 'Twin Strings',
 'Ashu Shukla',
 'Suzonn',
 'Ramil Ganjoo',
 'Taba Chake',
 'Vismay Patel',
 'Aditya A',
 'Raghav Kaushik',
 'Dream Note',
 'Osho Jain',
 'Piyush Bhisekar',
 'Vaibhav Bundhoo',
 'Zeb',
 'Moosa Saleem',
 'Farhan Akhtar',
 'Anuv Jain',
 'When Chai Met Toast',
 'Agnee',
 'Munaf Luhar',
 'Karthik Rao',
 'Prateek Kuhad',
 "Nikhil D'Souza",
 'Nishu',
 'Abhilasha Sinha',
 'Shankar Mahadevan',
 'Zephyrtone',
 'Shamoon Ismail',
 'Akshat Kumar',
 'Swattrex',
 'Zodiac Wave',
 'Vaibhav Malhotra',
 'aswekeepsearching',
 'Bharat Chauhan',
 'Sidhu Moose Wala',
 'Shubh',
 'Sidhu Moose Wala',
 'AP Dhillon',
 'Sidhu Moose Wala',
 'Arjan Dhillon',
 'Sidhu Moose Wala',
 'Shae Gill',
 'Karan Aujla',
 'Harnoor',
 'Sidhu Moose Wala',
 'AP Dhillon',
 'Sidhu Moose Wala',
 'Shubh',
 'Sidhu Moose Wala',
 'Tegi Pannu',
 'Prem Dhillon',
 'Sidhu Moose Wala',
 'Tegi Pannu',
 'Diljit Dosanjh',
 'Sidhu Moose Wala',
 'Shubh',
 'Karan Aujla',
 'Arjan Dhillon',
 'AP Dhillon',
 'Karan Aujla',
 'Tegi Pannu',
 'Diljit Dosanjh',
 'Sidhu Moose Wala',
 'AP Dhillon',
 'Mankirt Aulakh',
 'The PropheC',
 'Harnoor',
 'Prem Dhillon',
 'AP Dhillon',
 'Arjan Dhillon',
 'Jassa Dhillon',
 'Harnoor',
 'AP Dhillon',
 'Jordan Sandhu',
 'Karan Aujla',
 'AP Dhillon',
 'Harrdy Sandhu',
 'Tegi Pannu',
 'Diljit Dosanjh',
 'Arjan Dhillon',
 'Grewal',
 'Tegi Pannu',
 'AP Dhillon',
 'Harnoor',
 'Navaan Sandhu',
 'Diljit Dosanjh',
 'Amrit Maan',
 'Vicky',
 'Prem Dhillon',
 'Diljit Dosanjh',
 'Dilpreet Dhillon',
 'Mankirt Aulakh',
 'The Landers',
 'Arjan Dhillon',
 'Dilpreet Dhillon',
 'Garry Sandhu',
 'Diljit Dosanjh',
 'Karan Aujla',
 'AP Dhillon',
 'Mankirt Aulakh',
 'AP Dhillon',
 'Tegi Pannu',
 'Diljit Dosanjh',
 'Karan Aujla',
 'Prem Dhillon',
 'Diljit Dosanjh',
 'AP Dhillon',
 'Simiran Kaur Dhadli',
 'Harnoor',
 'AP Dhillon',
 'Amrit Maan',
 'Amantej Hundal',
 'Harrdy Sandhu',
 'Mankirt Aulakh',
 'Karan Aujla',
 'Jassa Dhillon',
 'Jass Manak',
 'Karan Randhawa',
 'Harnoor',
 'Arjan Dhillon',
 'Jassa Dhillon',
 'Sidhu Moose Wala',
 'AP Dhillon',
 'Diljit Dosanjh',
 'Jordan Sandhu',
 'Prem Dhillon',
 'Karan Aujla',
 'Jassa Dhillon',
 'Khan Bhaini',
 'Diljit Dosanjh',
 'Jassa Dhillon',
 'Karan Aujla',
 'Gurnam Bhullar',
 'Diljit Dosanjh',
 'Shae Gill',
 'Shubh',
 'Sidhu Moose Wala',
 'Karan Aujla',
 'Sidhu Moose Wala',
 'Sidhu Moose Wala',
 'Prem Dhillon',
 'Diljit Dosanjh',
 'Sidhu Moose Wala',
 'Harman Hundal',
 'Karan Aujla',
 'Arjan Dhillon',
 'Mankirt Aulakh',
 'The Landers',
 'Khan Bhaini',
 'JERRY',
 'AP Dhillon',
 'Tegi Pannu',
 'Inder Chahal',
 'Sidhu Moose Wala',
 'Arjan Dhillon',
 'Prem Dhillon',
 'Navaan Sandhu',
 'B Praak',
 'Simar Doraha',
 'Mitraz',
 'Bhalwaan',
 'Ezu',
 'Harrdy Sandhu',
 'Tegi Pannu',
 'Gurnam Bhullar',
 'Shubh',
 'Arjan Dhillon',
 'Tarsem Jassar',
 'Jordan Sandhu',
 'Amrit Maan',
 'Nimrat Khaira',
 'Sultaan',
 'Karan Aujla',
 'Simu Dhillon',
 'JERRY',
 'Diljit Dosanjh',
 'Prem Dhillon',
 'Gurnam Bhullar',
 'Mankirt Aulakh',
 'Diljit Dosanjh',
 'AP Dhillon',
 'Arjan Dhillon',
 'Ammy Virk',
 'Satinder Sartaaj',
 'Garry Sandhu',
 'Nimrat Khaira',
 'Naseebo Lal',
 'AP Dhillon',
 'Diljit Dosanjh',
 'Tarsem Jassar',
 'Mankirt Aulakh',
 'AP Dhillon',
 'Grewal',
 'G Khan',
 'Harnoor',
 'AP Dhillon',
 'Amrinder Gill',
 'Jigar',
 'Tegi Pannu',
 'Khan Bhaini',
 'Gurlez Akhtar',
 'Karan Aujla',
 'Gur Sidhu',
 'Amrit Maan',
 'Diljit Dosanjh',
 'Amantej Hundal',
 'Amrit Maan',
 'Diljit Dosanjh',
 'Romaana',
 'Karan Aujla',
 'Baani Sandhu',
 'Kulwinder Billa',
 'Diljit Dosanjh',
 'Simiran Kaur Dhadli',
 'Tegi Pannu',
 'Dilpreet Dhillon',
 'Sidhu Moose Wala',
 'Khan Bhaini',
 'Amantej Hundal',
 'Harnoor',
 'Arjan Dhillon',
 'Parry Sidhu',
 'Dilpreet Dhillon',
 'Jassa Dhillon',
 'Sidhu Moose Wala',
 'Mankirt Aulakh',
 'Sidhu Moose Wala',
 'Garry Sandhu',
 'DJ Flow',
 'Kaka',
 'AP Dhillon',
 'Amrit Maan',
 'Harnoor',
 'Prem Dhillon',
 'Jeetu Sharma',
 'Hansraj Raghuwanshi',
 'Neeti Mohan',
 'Shankar Mahadevan',
 'Arijit Singh',
 'Jubin Nautiyal',
 'Shaan',
 'The Collective Projekt',
 'Kshitij Tarey',
 'Rahul Jain',
 'Uchana Amit',
 'Mridul Krishna Sastri Ji',
 'Anuradha Paudwal',
 'Harry Mallya',
 'Salim–Sulaiman',
 'Hansraj Raghuwanshi',
 'Amruta Fadnavis',
 'Aishwarya Nigam',
 'Om Voices',
 'Navin Tripathi',
 'Sooryagayathri',
 'Arko',
 'Sachet Tandon',
 'Salim–Sulaiman',
 'Hansraj Raghuwanshi',
 'Suresh Wadkar',
 'Anuradha Paudwal',
 'Hansraj Raghuwanshi',
 'Lalitya Munshaw',
 'Hansraj Raghuwanshi',
 'Sachet Tandon',
 'Daler Mehndi',
 'Amit Trivedi',
 'Sundeep Gosswami',
 'Uthara Unnikrishnan',
 'Kiss Nuka',
 'Rajan Mishra',
 'Sounds of Isha',
 'Anuradha Paudwal',
 'Manisha Koirala',
 'Siddharth Mohan',
 'Shankar Mahadevan',
 'Alka Yagnik',
 'Sundeep Gosswami',
 'Pandit Jasraj',
 'Jasraj Joshi',
 'Ashit Desai',
 'Sounds of Isha',
 'Suresh Wadkar',
 'Sonu Nigam',
 'Anuradha Paudwal',
 'Pardhaan',
 'Shekhar Ravjiani',
 'Vinod Rathod',
 'Priyanka Singh',
 'Anup Jalota',
 'Sadhana Sargam and Shankar Mahadevan',
 'Suresh Wadkar',
 'Anuradha Paudwal',
 'Gurdas Maan',
 'Shamika Bhide',
 'Krishna Das',
 'Hansraj Raghuwanshi',
 'Richa Sharma',
 'Ankit Atkan',
 'Uma Mohan',
 'Mithoon',
 'Kailash Kher',
 'Sonu Nigam',
 'Vijay G.Batalvi',
 'Ullumanati',
 'Kailash Kher',
 'Hansraj Raghuwanshi',
 'S. P. Balasubrahmanyam',
 'Hariharan',
 'Anuradha Paudwal',
 'Vishal Khera',
 'Rattan Mohan Sharma',
 'Amitabh Bachchan',
 'Suresh Wadkar',
 'Shankar Mahadevan',
 'Roop Kumar Rathod',
 'Shreya Ghoshal',
 'Anuradha Paudwal',
 'Sounds of Isha',
 'Sreekant Krishnamurthy',
 'Sounds of Isha',
 'Anup Jalota',
 'Anuradha Paudwal',
 'Anuradha Paudwal',
 'Sadhana Sargam',
 'Jubin Nautiyal',
 'Alka Yagnik',
 'Lalitya Munshaw',
 'Alka Yagnik',
 'Anuradha Paudwal',
 'Mohit Gaur',
 'Ravindra Jain',
 'Vasuda Sharma',
 'Jagjit Singh',
 'Abhimanyu-Pragya',
 'Varsha Shrivastava',
 'Anup Jalota',
 'Daler Mehndi',
 'Prajakta Shukre',
 'Saurav Mishra',
 'Lalitya Munshaw',
 'Sadhana Sargam',
 'Master Saleem',
 'Manoj Desai',
 'Udit Narayan',
 'Mame Khan',
 'Alka Yagnik',
 'Palak Muchhal',
 'Alka Yagnik',
 'Suresh Wadkar',
 'Bhagavan Das',
 'Various Artists',
 'Ravindra Jain',
 'Bhagavan Das',
 'Anup Jalota',
 'Jubin Nautiyal',
 'Hemlata',
 'Jagjit Singh',
 'Gprince',
 'Suresh Wadkar',
 'Suresh Wadkar',
 'Sonu Nigam',
 'Anup Jalota',
 'Vandana Bhardwaj',
 'Hari Om Sharan',
 'Jagjit',
 'Anuradha Paudwal',
 'Bhavdeep Jaipurwale',
 'Sadhana Sargam',
 'Jagjit Singh',
 'Jagjit Singh',
 'Anil Hanslas Ji',
 'Devaki Pandit',
 'Niranjana Swami',
 'Bappi Lahiri',
 'Jagjit Singh',
 'Jagjit Singh',
 'Jagjit Singh',
 'Krishna Das',
 'Jagjit Singh',
 'Ravindra Jain',
 'Lalitya Munshaw',
 'Niladri Kumar',
 'Iqubal Huein',
 'Vilayat Khan',
 'Rajan & Sajan Mishra',
 'Ronu Majumdar',
 'Nirali Kartik',
 'Rita Dev',
 'Veena Sahasrabuddhe',
 'Shivkumar Sharma',
 'Shruti Sadolikar',
 'Ronkini Gupta',
 'Hariprasad Chaurasia',
 'Ravi Shankar',
 'Parveen Sultana',
 'Hariprasad Chaurasia',
 'Shubha Joshi',
 'Nirali Kartik',
 'Lakshmi Shankar, Aneesh Pradhan',
 'Rajan Mishra',
 'Ronkini Gupta',
 'Kala Ramnath',
 'Kaushiki Chakraborty',
 'Lakshmi Shankar',
 'Ali Akbar Khan',
 'Rajeev Taranath',
 'Purbayan Chatterjee',
 'Ustad Ali Akbar Khan / Pandit Nikhil Banerjee',
 'Hariprasad Chaurasia',
 'Ustad Ali Akbar Khan / Pandit Nikhil Banerjee',
 'Shivkumar Sharma',
 'Shahid Parvez',
 'Vishwa Mohan Bhatt',
 'Ronkini Gupta',
 'Ravi Shankar',
 'Shruti Sadolikar',
 'Nikhil Banerjee',
 'Kaushiki Chakrabarty, Yogesh Samsi, Brajeshwar Mukherjee, Yogesh Dutt',
 'Ravi Shankar',
 'Veena Sahasrabuddhe',
 'Bismillah Khan',
 'Bhimsen Joshi',
 'Ram Narayan',
 'Suresh Talwalkar',
 ...]